contest_number,image_description
566,"A man in a suit and top hat is sitting on what appears to be a pirate ship, petting a cat.  Two pirates are standing off to the side, speaking with each other and looking at the man with the cat"
186,Moses is holding up a tablet with Chinese characters on it. People are staring at him.
571,There is a huge anchor in a cafe. People are staring at it. A pirate is the cashier.
704,A man stands in front of an open elevator and there are two men inside. The two men inside the elevator are wearing suits and have large tuba instruments wrapped around their body. One of the two men wearing a tuba has glasses and the other has a worried look on his face.
542,Two old fashioned gentleman are staring at a woman outside. She has a huge frill around her neck.
230,Columns are shaped in numeral numbers. Two people drive near it on the road.
184,There are outlines of people all over the floor at the bar. A bartender yells at the man coming inside.
570,"Two men are sitting on a park bench. One has a book, and the other is covered in birds."
166,There are a couple of people lying down under the blankets in bed. Both of these people are covered in rags and resemble mummies.
599,Three cave people are inside of a cave. There is a lizard biting the ankle of one of the men.
683,A caveman couple walk by a tower to see people they recognize. The cavewoman waves at her friend who waves back. The men are expressionless about the encounter.
526,Two angels are standing on a cloud. They're having a conversation.
355,Two turkeys are standing facing each other in a coop. One turkey has fishnet stalkings and high heels on its legs and is talking to the other turkey.
539,Three men are hiking in the mountains. one man is walking down the cliff.
587,Three deer are looking at deer crossing signs. They appear to be confused about it.
447,A therapist is talking to a man on a therapy couch. Animals on therapy couches surround them.
572,Some people are around a pool. The pool is filled with a giant beachball.
618,"Three men with drinks in their hand are starting at a fireplace. There are three mounted trophy heads: a deer, a unicorn, and a bull head."
219,The room is cluttered with pianos. Two men walk in to see the sight.
519,"A hunter is out in the woods. A bird is sitting on top of his gun, and two other birds are watching from a distant branch."
530,There is a king leaning back in his throne who is listening to a scribe who stands in front of him. The scribe is reading from a piece of rolled parchment. Above the king hangs a giant sword which stretches across the entire width of the room.
556,Two people are in a kitchen. One of them is in a hazmat suit and cooking.
554,"A clown is staring into a large glass window into a store. The store is named Sam's.  There is a clerk at the counter looking at the clown. Based on the tap near the clerk, this place serves soda."
449,There is a man and a woman in a large living room. The woman has just entered and holds two shopping bags. The man is in a workers uniform and holds a bricklayer's trowl and is talking to the woman. Between them is a wall that the man is constructing which separates the room into two halves.
339,Superman is on the plane with regular citizens. There is a man sitting beside him and they give each other a glance.
58,A woman is reading and talking to a man while in bed with each having their own nightstand and lamp. The bedroom looks to be part of a cubicle setup similar to how some offices are designed.
739,A man is holding both a dog's hand and a child's hand while the child looks angry. The dog is wearing people's clothes.
213,A couple are in bed. The man is hammering a plaque. The woman looks angry.
593,A man calls someone on a corded telephone with a piece of paper knifed to his back. He is calm about what happened to him.
61,A doctor is sitting in his office and a giant arm is reaching in. The doctor is checking his pulse.
668,There is a maiden in a castle. A dragon is outside and is carrying flowers for her.
350,A man is lounging on a chair in his front yard with a woman in front of him. There is a bus in his driveway with his campaign advertisement on it.
631,"A large group of diverse people are sitting in the middle aisle seats of a plain. A blonde woman with a laptop on her lap is looking to her left at a man wearing a chef's hat and uniform, throwing pizza dough into the air."
515,"Two men are sitting lounging on furniture on railroad tracks behind a train. They are wearing cast on multiple limbs and look like they've been in a previous accident accident. One of them is taking notes and has a shocked expression looking toward the train, as though the train just went by. There is something between the tracks like a conveyor belt or a road."
501,Two sailors are on the boat. They are talking while raising flags.
718,There is a skinny cowboy standing next to a horse in a corral. The horse is wearing blue slippers on the front and pink slippers on the back legs. The horse appears to be talking to the cowboy.
581,A man is watching a hand coming through the clouds with a sweater. Man Is wearing a robe and holding on to two things close to his chest and has a worried look.
82,"Adam and Eve are running out of Eden, being chastised by the hand of God. The serpent is wrapped around a tree."
203,Men have captured a giant. The giant is in a wide net. There is a castle in the background.
89,There is an animal trainer cracking a whip and shoving a chair at a cartoonish-looking lion who is standing on a pedestal. In the foreground there is another lion who is talking on a landline phone which is placed on another pedestal.
741,Two people are having drinks outside. They're staring up at the moon together.
425,Two men are walking into a room. There is a grave plot in the middle of the floor.
217,There is a pool in an office. A man is going to dive into it. His clothes are hung up.
705,"Two cowboys are on horseback in the desert. There is a campfire, but also an oven with cooking supplies strewn everywhere."
651,A man is sitting on an examination table in a doctor's office talking to a doctor. The man has a large snake wrapped around his entire body. The man seems somewhat worried. The doctor is dressed in sweatpants and tennis shoes.
275,"A judge, a lawyer and a witness are in a courtroom. A woman in bathrobe and slippers is coming out a door from under where the judge is."
565,"A doctor, who is speaking with a patient, is holding a sheet of paper that is on fire. The doctor looks surprised while the patient has a nonchalant look on his face."
392,There are people on yoga mats doing yoga in a gym. In the foreground we see the Hulk who has grabbed a man and is shoving him into the cement wall. The Hulk looks angry while the people in the background are pretending not to notice.
173,A bunch of men are carrying money in carts or in briefcases. They look very happy.
623,Someone has an animal as a kite. They are flying it at a park with other kites. A police officer is upset at them.
728,A man is relaxing on a small island under a palm tree. Another man with tattered clothes and a briefcase stares at him.
734,In the foreground there is a mobster looking man in a coat and hat with a cigarette hanging out of his mouth. He is looking towards the background at a man who is tied up and standing in a bucket which is inside a tub still filling up with water from a running shower. It appears that the mobster is talking.
680,A polar bear is soaking wet inside of a fancy restaurant. The bear is looking at a person who is sitting down and reading a menu.
654,A man is sitting down at a restaurant table and he has bowl of food in front of him. He is talking to a waiter about his food. His bowl of soup has someone turned into a large tornado of soup.
549,Two people are sitting across a desk from one another. They are both tied up in straight jackets.
183,A man and woman are in bed together under the covers. They are looking towards the bedroom door when a car has crashed into their home. They don't seem too upset about the situation.
658,People are in a computer lab. Some of the ones on the computers are animals.
15,"A man and a woman are on a date in a fancy restaurant, and are eating soup. The man is taking a bite, and, as he does, the woman's face is reflected in his bald head."
546,Two men are on a small island. The island next door is made of dolphins.
454,A man in a beard is at a gate. He is writing something on a paper. There are barbed wires on the gate.
708,A knight is in a kitchen. A man wearing an apron is cooking on the stove and making a huge mess. He stares at the knight.
547,A woman in parade attire marches through the desert.  Crawling behind her are two ragged-looking men
413,An old couple is robbing another younger couple in a dark ally. The old man is pointing a gun at the younger husband who seems happy about the situation while the younger wife looks on in worry.
226,An alien dressed as a doctor holds a sheet of paper up in a doctor's office. Seated on the patients table is a human being in a patient's robe who watches the alien doctor with a solemn but focused look.
372,People sitting at a desk at work have wind-up turns attached to their back. Two people who are normal just look on.
237,Two men are talking. One man has flown up into the sky and turned into bubbles.
733,A bunch of angry sheep are angry at two wolves in suits. These animals are standing up right like humans.
78,A man and woman are side by side in bed and under the blankets. The woman is smoking a cigarette. The bed they're using is in a jail cell and there are bars on the windows.
597,Two women are walking through an airport. They have their babies stored in their luggage.
580,Two knights are standing guard in a throne room. one is in a hammock put up between two pillars.
417,A giant squid is attacking a bridge full of people. Only two other people are ignoring it because they are in a fit of road rage.
263,"A man and woman are in the bedroom with the woman on the bed and the man on the ceiling. The woman is looking at the man on the ceiling, who is in a resting position as if he were in the bed with her."
249,A businessman dressed as a lifeguard is talking to an employee. They are in an office building.
86,"Two men are walking on a golf course, holding their clubs. They are approaching a warzone with many solider and tanks."
577,Two people are sitting on a couch in their living room. There is a man in a hot dog vendor cart nearby.
463,A cowboy is on a horse on a small island. He has nowhere to go since ocean is all around them.
619,Two men in suits stand facing an empty office desk.  Sitting embedded in the middle of the desk is a sword
589,A man is sitting at the table in a restaurant reading a menu. A waiter is chatting with him and getting his order.
333,A cave couple is inside of a gave by a fire while a man in a suit smokes his cigar. The man also has a drink and a table next to his chair.
3,A dirty exhausted man is crawling toward an emergency hotline booth. One of the operators is yelling at him.
395,A man is loading a giant cannon. There is a man inside the barrel as well.
146,A stick figure is at a job interview. The person interviewing him seems to be pleased by the meeting.
353,A married couple have assistants surrounding their bed. The couple do not seem to mind.
740,A bull is observing a cup in a china shop. It is well mannered and other customers do not mind it.
712,"Two lizards are sitting around a desk in an office. Outside, a meteorite is falling."
532,A large sperm whale is beached on a small island in the middle of the ocean. Underneath the whale is a toppled palm tree and two human feet.
377,There is a giant rat sitting in a recliner in a living room reading the newspaper with its legs crossed like a human being. In the background we can see a couple in the hallway near the door dressed in bath robes. The husband on the left looks concerned and is listening to his wife next to him who is talking to him with phone in hand.
7,"Two people are in bed. The Earth is outside the window, so this must be space."
535,A couple is in the car. A whale is in the backseat of the car.
702,A man has come into a barber shop for a haircut. The man has a pigeon sitting on top of his head. The barber is looking at the customer with a confused expression.
348,"There are giant, carved Easter Island stones scattered on a beach. All are identical and resemble a regular man but with a combed back hairstyle. In the foreground a tour guide is talking to a single male tourist who has a camera hanging around his neck."
457,A number of bedraggled men are rowing in the hull of a slave ship. One of them is a businessman.
527,A farmer is greeting a spaceman. They are at the door to a UFO. It is on a farm.
27,People are having a business meeting. They are all wearing parrots on their shoulders.
326,A man dressed up in suit is sitting on a sofa next to a larger sofa with octopus on it. Man has a pistol in his hands and looking towards the floor with confused look.
115,A man in a hazmat suit is at a bar. A man in a tie is taring at him.
647,There is a waterski ramp in a lake where two skiers have jumped and are now in mid air. The woman on the left is a traditional waterskier holding a tow rope while the woman on the right is wearing winter wear and is on snow skis. The snow skier is talking to the waterskier.
330,"A man has become a couch as he watches TV. His wife comes in with her hands on her hips, clearly disappointed."
569,A bunch of executives are around a board room table. Another man in a suit is doing a cannonball onto the table.
182,Cats are piled up in a tower formation. A man is on the phone staring at them.
59,"A man is sitting behind a desk that features typical office equipment, like an incoming bin and computer.  There is a large clock on the wallk with strange looking symbols instead of numbers."
250,There is a doctor standing and holding a giant magnifying glass which is the same length as his body. He is using it to look at a patient who is sitting on a patient's table. The doctor is talking.
461,A man is talking to a clerk at the airport. There is a plane outside the window.
584,Many clones of the same guy step out into the hallway from a room. A woman stands in shock as she uses her phone.
540,A doctor is in her office and she is using her stethoscope on a patient. The patient in this case is just a large metal safe that is sitting on a chair.
736,Two dinosaurs are staring at one another. One is wearing a pinwheel hat.
223,A woman is doing laundry at a laundromat. People are inside the laundry machines.
737,Jack climbs up the beanstalk and interrupts a meeting up in the clouds. Someone is hosting the meeting by talking about a graph presentation.
108,Cavemen living in a cave has a neighbor that lives in a modern style house. The neighbor also has a rake they are using for cleaning.
252,A cowboy is behind the desk. This is a business office. Arrows are in the chair and on the floor.
327,A man and a woman are lounging by a pool in their backyard. A sea serpent is popping out of the pool.
151,Two men are sitting in office. The man behind the desk has a gigantic pencil sharpener on one side of his desk and a cup of gigantic pencils on the other side.
148,A woman looks at a lineup on criminals in a police station. The line up consists of religious figures.
191,At the edge of a cliff overhang we see a cat who has jumped off still in mid air followed by a group of piglets. Behind them still standing on the cliff are more piglets. The cat is looking back at the piglets who have jumped and is talking.
205,"Four people are sitting down in the living room, talking. The overweight man is looking at his watch."
142,There is a car coming up the stairs. Three men are staring at it. This is in someone's house.
601,Two people are being followed by a cactus in the middle of the desert. The woman looks back with a worried face.
155,"People are having a therapy session. The lion, tin man, scarecrow, and other people from the Wizard of Oz are there."
168,A couple is sitting at a table in a restaurant. The waiter is reaching in from the door with their food.
145,A monster hangs on the side of a building as a man talks on the phone from the inside. The man seems relatively calm as he holds a glass of wine.
494,A football team is having a meeting. A therapist is there in a chair taking notes.
394,A centaur with his hands on his hips is looking down on a snail man. The snail man is looking up in awe at the centaur.
760,"A couple is sitting at a table in a restaurant and being hovered over by the waiter. The man is frowning deeply.  Another waiting is walking towards the table with an angry expression, dragging a metal trash can."
541,A woman is opening her front door. A man with a hood and a scythe is talking to her.
727,A realtor is showing a house to a couple. Outside you can see the stars and planets. The house seems to be in space.
450,There is a board room in an office building and 6 of the employees are dancing on top of the table. Their boss is watching them dance and is visibly upset about the situation.
335,Some jockeys are in a race. They are using fake horses.
320,A giant table with food on it is approaching a city gate. Two guards are discussing this.
723,Cats and dogs are recording and playing some music in a music booth. There are sound engineers working the controls outside of the booth.
2,A group of businesspeople are having a meeting in a subway car. They are talking to a CEO.
308,"Two cavemen are seated in a cave.  Several finished wheels are sitting in the cave with them, and one of the cavemen is holding a half of a wheel in his hand."
692,A wold tries on the skin of a variety of animals. There is a clothing store employee who is happy to help the wolf.
109,"There is a scene with people sitting in airplane seats. In one row there is a woman at the window, a man in the middle and an amoeba looking figure on the aisle seat. The man in the middle is talking to the woman while gesturing towards the amoeba."
755,A woman is sitting down in a cave. A caveman is confronting her.
465,Two businessmen are walking along a tiled floor and they see in front of them a large crack in the floor that has people dressed in suits stuck in it. The people are all wide-eyed and shaking. One of the men walking has glasses and his hand in his pocket and doesn't seem surprised while the other man's eyes are bulging in surprise.
585,"In a kitchen there is a little boy holding a Genie's lamp who is looking up at a Genie. But the Genie isn't appearing from the lamp. Instead, the Genie is coming out of a toaster on the kitchen counter and he is now talking to the little boy."
32,"In an office, a man in a bunny suit is walking by. Some of the workers are gawking at him."
511,A man is walking down a sidewalk. He is looking at another person hiding in the snow.
594,A couple is walking down a park path. They are surrounded by trees and leaves.
245,Two men are holding onto a sinking boat in a cup of coffee. The seas in the coffee mug are very rough.
106,"There is a man, I assume a scientist, checking over the writing of several papers that have been typed by a monkey who is sitting at a typewriter. There are a number of other monkeys in cages around the room. They appear to be very sad."
400,A board meeting is going on among various buildings or blocks. They are just floating in the air.
241,A woman and a shark are sitting together on a small island in the water.  There is a single palm tree on the island.  A man's head is above the water several feet offshore
352,A man climbs up a building but finds an old man perching on a ledge. The old man is comfortable with his legs crossed with the other man in shock.
325,There are two hikers looking at face statues. It is like the ones in Easter Island. The statues are smiling.
83,"Three adults are sitting around a coffee table in a living room eating and drinking. The house has very large appliances like a  lamp, a toaster, etc."
563,There is a man running on a hamster wheel. He is wearing a tie.
667,There is a disassembled maze. Two mice are perusing the instructions.
113,A maid at a hotel has a gun drawn while pressing against next to a door. A man notices but is quietly going into his room with his luggage.
274,"A man in a trenchcoat is talking to a bartender, while a ballerina dancer looks on from behind him. The bartender appears to be telling the man something, and the dancer looks upset."
596,"A man is drinking in a bar. He's acknowledging Death, who is seated a ways a way. He offers him a beer."
582,Two people are riding a two person bike down the road. They are both on the phone.
443,Two construction workers are staring at a bowling alley. They are about to demolish it. The ball is aimed toward the pins.
319,"Two snakes are slithering through a field talking. One of the shakes either has a human buttocks, or has eaten a human, and only their buttocks is showing."
138,A man is sitting at a desk opposite a couple.  To the man's left is what appears to be a aquarium
172,"There is a hillside with very large sculpted heads. In the middle of the grouping of heads is a smiling fat face, markedly different from the longer ones."
707,A man is carrying a giant globe out of the front door. A woman is watching him while in her pajamas.
753,An Amish man and a whale are standing in line at the grocery store holding carts full of groceries. The man is looking at the whale with a happy expression on his face.
120,A Mr. Potato Head type character sits at a bar with a man. They both have a drink together.
529,A man is climbing a mountain in midair. A man below is staring at him. There is no mountain.
331,A UFO is following a car. The light beams from it are on the car.
675,"There are a group of people at a crowded indoor party. In the foreground there is a woman holding a beer, appears drunk and is talking to an astronaut and deep sea diver in full gear including helmets who are next to her. The astronaut and diver appear to be having their own conversation while the woman is interrupting."
225,A cheerleader is outside an airplane. Two pilots are staring at her.
749,A man is on a balcony pulling a rabbit out of a hat. A woman is at a table looking at her phone. People are watching the magic trick from windows in buildings.
516,A couple is having drinks at a table when a cement block is heading down to one of them. Only one of them notices and looks up while the other one remains oblivious.
51,"In a courtroom, there are three serious men in suits. The man sitting on a sofa chair has a hook hand and is being interrogated by a man standing up and holding a paper. The judge looks at this man sitting on the sofa."
179,A doctor is standing up with bandages on. A patient in a gown sits on the table.
384,a monster is outside of an office building. A meeting was taken place and everyone looks shocked besides one man.
124,"A few dozen people are in a desert. Everyone looks quite weary, and are crawling around, as if they are on their last legs. The sun is out, and the conditions look harsh. One of the people looks questioningly at another."
638,There are two men on a street sidewalk. One of the men is wearing a button up shirt and suspenders. The other man is also wearing suspenders but his suspenders are attached to two drones which are hovering above his head. This man is talking to the other man.
508,A shark is looking at photos during an interrogation. Two cops are interrogating him.
738,A man is raking his lawn.  He is watching a UFO piloted by two aliens beam up piles of leaves into it.
512,A man and woman are standing facing one another (mirrored) inside of a yoga studio. The man looks upset at what the woman is telling him. The man is carrying a living room rug and the woman is carrying a yoga mat.
72,A man is walking a tightrope or a clothesline between two buildings. Another man seems to be egging him on.
720,A man is pushing a bounder up a hill. A woman in a dress is sitting down watching him drinking alcohol. The man is wearing hardly anything.
552,A man is crawling through the desert. Another man is attempting to paddle a boat through the sand.
255,A man is sitting at his desk in an office. Across from him are two empty chairs. There are two people hiding behind the chairs and holding up puppets at the top of the chair.
312,A lion is standing up right like a human while visiting another lion at the zoo. The lion is wearing a suit.
500,A cowboy is riding a seahorse. A man and horse stare at him.
763,In front of a gas station there is a gas station employee holding up a dip stick while talking to a lady. They are both standing in front of a giant hotdog shaped and painted vehicle. The employee is talking while the vehicle owner listens.
645,A realtor is showing a couple some houses. The house he is showing them though looks like its part of a miniature golf field.
185,A naked man is walking out of the water on a hillside. A fish is crawling out in front of him.
421,A man and a woman stand near the counter of a café. All of the seats in the café are taken up by rhinoceroses. The café employee doesn't appear to notice anything out of the ordinary.
364,A man with a drink is talking to a cardboard cutout of a bartender. The man is happy to talk to it.
16,"A man talking to the devil is showing him a new batch of arrivals, dressed as churchgoers, walking through a church door. The devil looks displeased with the new people."
711,A woman is sitting on her couch in fear. There is a baseball game going on in her living room.
381,"A man in a loincloth is rolling a large boulder up a mountain. Next to him is a woman, dressed normally and carrying a purse, pushing a double baby crib up the same mountain."
192,This is a late night TV show. A woman is talking to a talk show host. There are cameras around them and bars on the windows.
509,A bear is in the waterfall. Two salmon jump out of the waterfall and talk to him. The bear looks at them.
686,Two women are sitting on a couch in a living room. A man is sitting nearby on top of an egg.
104,"A police car is parked on a road obscured by clouds.  On a nearby sidewalk, two angels are sitting leaned up against a building, looking at the cop car"
41,Two well-dressed people are walking into a church; the church is also a bar. Two men sitting at the bar are showered in sunlight coming through a stained glass window while drinking.
383,There are a bunch of people lined up on the street. A devil has opened up a hole in the ground and people are coming out. Fire erupts from the hole.
715,Humpty Dumpty is at a bar. It is all banged up. A bartender serves it some alcohol.
673,Repunzel's hair is swallowing up the man from below the tower. the man is stuck in her hair as she looks down in shock.
732,A teddy bear takes the witness stand as a lawyer questions it. A judge looks on with apprehension.
606,A plane is flying through the air.  On a nearby cloud stands a man with his hands outstretched like he is hitchiking
211,A person crawling on the floor is greeted by someone in a spacesuit. The person in the spacesuit is holding the American flag.
220,A doctor is standing in an examination room. Someone is making a shadow puppet of a bunny on the wall.
528,"In an office, people are having a meeting in a slanted room. Everyone is pushed back to one corner of the room."
159,There is a meeting going on. There are huge cups of coffee and tea on the table.
375,There is a piece of bacon in human form sitting on a chair and taking notes. Next to him an egg in human form is lying down on a chaise longue chair and appears to be talking while looking up towards the ceiling.
22,The room is filled with people who are having a meeting. More than half the room has their hand up.
189,A doctor has used the acupuncture needles on himself instead of the patient. The patient is lying there as the doctor seems calm about this.
592,Two people in lab coats are in what looks like a lecture hall. Ducks are seated where the students would be with laptops open in front of them.
522,Frankenstein's monster is on the table. A butler is talking to Frankenstein while he makes a potion.
128,There is a couple in a living room both sitting in recliners and reading a book and newspaper. The man appears to be talking to the woman. Behind them in the background is a giant puppy which fills the entire room.
31,A bull or minotaur is at a bar. The bartender looks confused and is going to call someone.
745,There is a giant snail in the city. A man and scientist look at him with binoculars. The snail is destroying the city.
247,A delivery man is dropping off a barrel at a mans house. The man has opened the lid and is peeking inside. The barrel is large and it has the word Monkeys written on the side of it.
608,"A priest is looking up at huge radiator fins inset between stained glass windows in a church. Below the fins is a man seated at an organ, looking at the priest."
344,Several people are out on a ledge of a building. One man is hanging off an eagle sculpture.
112,"There is a huge gun laying on the ground in the middle of what appears to be a desert, with a smoking volcano in the background. There are two creatures inspecting the barrel of the gun."
595,A snowman is shopping at a clothing store. There are two co-workers at the store who do not seem to notice the snowman.
437,A man and woman are standing outside their house. There are birds feeding in the yard.
125,"6 people are all lying in one large bed facing a tv.  They all appear to be wearing glasses and staring straight forward, and the 2 people on either flank are wearing suits."
65,A bunch of people and robots are sitting around a table in the board room. The executive is chewing them out.
246,There is an electric chair near a chair full of businesspeople. They are at a meeting.
742,A man is having a Barbecue in the middle of an art gallery. Another man is angry at him.
627,"A man and a woman sit at a restaurant table which is placed outside on the ledge of a building, Both are looking down at their menus. A waiter stands by at the building window waiting for their order."
762,A rat is talking to a turtle. There are a number of exercise wheels in the background with other rats on them.
495,Outside of a work meeting there are a few cleaning men with helmets and sunglasses on. They are posing like they are ready to crash the meeting.
171,"In a butcher shop, there is a lady looking to buy some meat. In the display case are designs of women doing the can-can dance."
324,Two businessmen are walking down the street. One has horns like a demon.
703,A waiter points his finger at an alligator who has opened its mouth.There is also a woman that is sitting down nonchalantly as this is happening. The alligator seems to have appeared from a boxed shaped hole.
71,A body in three parts is on an exam table in a doctor's office with the body's arms crossed as though annoyed. The doctor is looking at the body with his mouth wide open as if he's shocked. He has a clipboard and looks like he paused in the middle of writing.
531,Two giraffes are chatting in a living room. One is on the sofa watching TV.
152,"There is a car traveling on the road. A huge Earth is in the road, blocking the way."
198,"Two men are driving a car.  On the hood of the car is a gagged and restrained man, with his feet stuck in a bucket of water"
401,"People are sitting around watching TV. They're very happy about what they're seeing, but the lady is yelling."
693,"Two scientists are in a lab, observing a maze. Their lab rat is trying to get to the cheese."
689,A knight has jousted a car door. A policeman is writing him a ticket.
624,In this scene we see both above ground and underground levels of a cemetery. Above ground we see headstones and below we see two coffins. One contains a normal looking man in a suit with his arms spread out and the other has a skeleton who is looking towards the man and waving at him.
96,"Tarzan and his wife, Jane, are on some branches in a vine-covered tree. Jane is pregnant and seated, while tarzan has a knife on his waistbelt. They both look left towards something that isn't pictured."
743,A man is placing a lion mount on the wall. The lion has the man's head in its mouth. The woman is shocked.
36,"Two men in suits are having a conversation with each other. One has his arms folded across his chest, and is looking down at the other man's belly, which looks to be pregnant."
412,A clown and a dominatrix are on an island. They are stranded in the ocean.
13,There is a man in bed with a woman on top of him. They are dressed strangely.
170,Two co-workers are walking together in the hallway of their office. One is carrying coffee while the other is carrying a whole chicken.
507,A man is at his desk on the computer. Another man is entering with a giant hot dog in his arms.
670,A man and woman are riding bikes down a hill. The man is wearing a full suit of metal armor. The woman appears surprised at the man's outfit
137,"A man is seeing his therapist, who smiles at him. The man is standing on the chaise longue chair, holding up two scottish flags."
141,Two angels are standing face to face on a cloud. One has white wings and one has black ones.
722,A man and a woman are standing on the sidewalk staring at their destroyed home. A piano the size of a house has crashed into the home and completely destroyed it.
49,A bartender is on the telephone. A man looks on as two other men and a rabbi enter the bar.
560,"There are three cavemen, two of which are standing in a hole while the third is sitting with his arms crossed inside the mouth of a cave in the distance. The caveman in the hole is talking to the cavewoman next to him while they both watch the third caveman who is sulking in the cave."
440,Some baseball players are watching the game from the dugout. One of them has high heels on.
157,People inside a room with drinks on chairs. They are looking at the solar system in a room.
648,A magician puts a piece of paper in a shredder to make it disappear. The magician's assistant looks disappointed in the act.
674,A man is walking a dog in nature. He comes across a monster standing on a rock.
343,"Two people are on a street. a Centurion is directing a woman toward a chariot, away from a car."
687,There is a giant man looking at some tiny people having wine. The man at the table looks shocked.
193,There is a couple in a living room setting. The couple have strings coming out of them indicating that they are really puppets.
559,A man jumps from a plank to do a dive in the sea. Pirates look on at him in shock.
209,A man with a duck on his head and wearing just his underwear is walking into the bar. The men at the bar stare at him.
181,"Two men, wearing medieval peasant grab, are looking at a canvas depicting a completed Colosseum. In front of them is a jumble of stones, half-assembled, that look nothing like the finished project, instead appearing to be an almost done Stonehenge."
92,"Two people are walking down the street. There is a dolphin standing in front of a store, looking to be begging for money. The man is about to pay him."
407,"Two men are walking into a room. There is a big sandbox, and grown adults are playing in it."
221,"A chef is trying to murder another chef with knives n a kitchen. A man is playing music on the counter, and there is a large fish on the floor. Two waiters are talking amongst themselves."
253,Two cowboys are out riding. One of them is missing his horse.
642,A woman is walking down the street. A baker is in the alley. He has some pancakes.
336,"A man is giving a lecture on stage in front of a crowd of people.  This is a play on the ""Ted talk"" serieis of lectures, and he's pointing at a projection of a man wearing lingerie on a screen with the words ted talk underneath it"
639,A man lets Repunzel grab onto his hair from the high tower. She looks surprised as the man looks up.
422,Two turtles are on a log in a creek. One of them has books piled on his shell.
143,"There are two businessmen, both wearing suits and carrying briefcases. The man on the right is walking down the hallway carrying an inflatable sex doll under his arm."
218,Two men are laying on a bunk bed. The bottom bunk is actually a bath.
426,A man is playing an electric guitar for a girl in her bedroom. He is playing it very fast.
62,There are 3 people in an office all in business attire. One man is behind a desk watching another man and woman pretending to be a horse or bull and rider. The man is on all fours kicking wildly while the woman is riding him like a cowboy.
432,Two men are sitting in a dog cage next to a dog. One of them is reading a book while saying something to the other man who is visibly upset.
272,People are in a truck with people going down a road. The people in front are drinking.
160,Three people are standing in front of a house for sale. There is all sorts of chaos going on inside.
337,Two men are on a small island. They have it barricaded off.
321,Two people are laying in bed. They are looking at numerous holes in the bedroom floor.
79,"There are two men in suits standing on a street corning looking at a building. Rather than being aligned vertically, the building seems to be on its side. Even the man in the window of the building appears to be sideways."
555,Two sharks are talking underwater. One of them has a mannequin in its teeth.
25,There are several people standing and chatting in an office environment. A few of these people are holding drinks. Most of these people are dressed professionally for work but there is one man wearing an old diving suit.
224,A large group of people are on the floor wearing ties and suits. They are either drunk or sleeping.
591,A psychiatrist is seeing a patient in his office. The patient is laying in a bathtub.
725,A boy is standing next to a tree with a cherry on his head. A man is standing away from him with a bow.
322,"Two cowboys are riding through the desert. One is on a horse, one is on a bug."
214,A man is sitting in his office at his desk. He's talking to a severed head sitting on the desk.
688,"A woman is at a party. She is observing a general, who has a paper being printed out of his chest."
127,Two men are ice fishing on a frozen lake. The hole in the ice is shaped like a person.
445,A car has a monster face and legs coming out of it. It's at a dealership and being sold by a salesman to a couple.
347,A mysterious looking guy in a trenchcoat and fedora is laying in bed with a couple. the couple seems to ignore the stranger as they are having a conversation.
354,A man is in an examination room sitting on a table. There are leaves growing out of him. The doctor is in front of him and appears to be amused.
735,A man is looking at a wedding cake. He looks frightened.
227,A workman is in an office on the phone. A man in a suit is on a scaffold outside washing the windows.
612,A crime scene is happening. There are outlines of animals on the ground and a person. A detective and policewoman stare at it.
380,Noah and his wife are on the ark. But they only have giraffes.
759,Two fish are in the ocean. One fish is on a plaque talking to the other one.
318,There is a large chicken in the work office. People are ignoring it as they go about their day.
679,A king sits on a thone positioned between to cacti.  Facing him is a knight in full armor
503,Santa is pulling the sleigh. It is full of reindeer. One reindeer stares at it from the ground.
232,"People in fancy clothes are sitting around a table doing various activities. There are drinks on the table but people are playing chess, reading the newspaper, and on the computer."
626,There is a horse in its pen. It's bucking off a man in a suit.
714,Two people are in a pool. They are playing with a beachball. A cat sits atop it.
158,A man in swim trunks is at the beach. A bunch of men's heads are sticking out of the sand.
373,Some people are sitting around a table in an office. They are all naked.
719,A woman is showing a couple a building. A giant washer and dryer are across the street.
434,"The characters from the Wizard of Oz are walking down the yellow brick road. Captain Ahab is behind them, holding a harpoon."
240,"A wife holding a cup of tea is looking through an open window towards the yard with concerned looks. In the yard, her husband is trimming the bushes in the shapes of body building men. He seems to be totally absorbed in the trimming task."
665,There are two sharks in the ocean facing each other. The shark on the right has a man standing on its back in front of its dorsal fin. Both sharks are implied to be swimming.
716,Two people are standing inside a kitchen. They're observing a number of deadly traps.
231,A doctor and a woman are walking into a hospital room. There is a very hairy man in the bed hooked up to IVs.
235,There is a police line-up with 4 men and 1 woman. They are all wearing a number around their necks from 1 to 5. The men are all dressed in regular clothes but the woman stands out because she is a ballerina.
164,A man is sitting in a living room with a bunch of goats. A woman has packed her bags and is leaving.
469,Two cowboys are meeting in the desert on their horses. One of the horses is mechanical.
165,The king's men is dumping money to the people down below the castle. The people on the ground level are throwing their arms in the air to catch the money.
57,Two men are standing in a living room and talking to each other. There is a fireplace and above the fireplace is either a painting of a fish or a real fish mounted on the wall. This fish seems to be alive and has a mouthful of the man on the rights suit .
117,There are two men sitting in recliners next to end tables and lamps. They are facing each other and having a conversation. They are sitting in what looks to be a circus ring.
369,Two men are in an office. One of the men is looking at a picture.
130,"Two women are looking out a window. There is snow outside, and there is a snowman with human arms."
292,"A woman is seated at a table outside while a man is grilling on the BBQ. The two look up to see reality mirrored above them, with two different people doing the exact same thing."
153,Men are in a business office. Several dancing women are behind them.
513,Three men walk with one three handled suitcase together. Its long enough for them all to carry.
538,A tiny man is wielding a sewing needle. He is fending off an aggressive cat.
376,There is a woman in bed with a White House replica. She is wearing a nightgown and hugging it.
30,A doctor is with a patient. A detective or mysterious man is behind the doctor.
653,Three adults are standing around with drinks with a mosquito holding a drink to their left.Two of the adults don't appear to look pleased at the presence of the mosquito.
659,"A couple is sitting together at a small restaurant table, eating burger and fries. The man's head is replaced with a blender as the woman looks on in shock."
518,An adult man is in a kid's sandbox. He looks drunk. Two boys stare at him.
111,A man walks into his home naked besides his briefcase and shoes. His wife is on the sofa looking back as he walks in.
358,Movers take a couch as a woman talks to a man sitting down. They seem to be in an office.
525,"On a city street corner, there is a man and a woman talking to each other while they wait for the light to change so they can cross the street. The man is pushing a crib with a baby inside it. The woman is holding on to the handle of a crib with a baby that's on four over-sized monster tires."
588,There is a man hunched over on the spire on a building. A woman is on phone looking at him from a balcony watering plants.
207,A man dances with a partner in an open spaced room. He has a long leg that stretches and twirls around.
208,Two people are in the car using paddles. They are rowing like they are in a boat.
156,"A man is sitting at a bar, chatting up a woman. They both have drinks."
446,"Two people are sitting in a restaurant setting.  Instead of sitting at a table, they seem to be sitting at an oven top."
178,"A prisoner is standing at a bar. A bartender is there, wiping down a glass. Behind the prisoner is a hole in the ground and he has digging tools with him."
46,"The board of a company is making a presentation at a stockholder meeting in an auditorium. The board members are naked and on stage, while the shareholders, who are fully clothed, look on."
140,A traveling caravan is going through the mountains. Lights are being shone in the sky.
583,There is a man and woman in office attire walking through the lobby of a building with other office workers in the background. The man is talking to the woman while they both watch another office worker to the far right side with his hands and head locked up in a stockade.
258,There is a priest who holds a Bible and is talking to a marrying couple in front of him. The marrying couple are traditionally dressed but the bride is sitting on top of the grooms shoulders.
406,A plumber approaches a small island with his tools. He is approaching a man who looks like he was stranded on the island.
614,A man with a long beard is on a large mountain with a grand piano. Another man wearing a huge backpack is talking to him.
346,Angels are sitting around on clouds. Another angel is on a podium telling others to vote for him.
236,"A woman stands near a chair in a living room with her arms folded.  On the nearby chair sits a walrus looking back at her, with an open book on his belly"
269,A cat is leading a conference with a group of dogs. All the dogs are looking at the cat.
129,A man is in bed at a hospital. A man in a scuba suit is near the bed and the doctor talking to the man in bed.
402,There are two cavemen with spears. They are talking together and looking at deer. The deer are cave paintings and they are all on the grass.
265,"A number of chefs in a restaurant kitchen are working mechanically on a car. A waiter from the dining room peaks his head in, asking a question."
726,A woman is being attacked by human-sized mosquitoes. A man stares at her. They are outside.
378,A pirate has a rabbit on his shoulder. The other pirate is talking to him.
625,A caveman with a large club is facing an umpire on a baseball field. The caveman and umpire is on the batter base but the caveman is facing the wrong way.
656,A man in a sombrero  is holding a guitar while laying on a long chair. A therapist is taking notes as the other man is playing the guitar.
102,Three dogs are out in the wild playing fetch. Two dogs are waiting patiently for the stick to be thrown. The third dog is standing on its hind legs and throwing the stick.
622,A man is BBQing on a subway car. A man in a business suit looks at him weirdly.
334,Two men are seated on a plane. One man has a safe wrapped around him.
244,A man is sitting at a desk with a large alligator lying belly up on top of it.  Another man looks in at the man at the desk
404,A man passes a mirror on his way out of a bathroom. His reflection resembles the late President Abraham Lincoln.
442,An angel and a devil have had a collision in their cars. They are observing the damage that was done.
206,"Two figures are talking on a field. One is a centaur, and the other is his opposite, with the back end of a human and the head of a horse."
698,There is a man wearing a crown with a woman walking in a city. The crown is yellow and the cape is red.
678,Giraffe's necks are entwined together. One of them seems unhappy about it why the other one is clearly choking.
635,A couple is having a date over wine. One of the date is wearing a suit of armor. The other date looks at him in disappointment.
338,A man and a woman are in a room with a regular looking bookshelf and regular sized books on the wall. In the middle of the room the man is pointing to text written on a giant open book which covers the entire floor. He is talking while the woman watches from the doorway.
47,"A man is being interviewed for an office job. As he is being interviewed in a glass cubical, three men with weapons are chasing out a fourth person."
650,A huge weight is on the man on the sofa. A therapist is talking to him. The man is upset.
234,A skeleton horse is hitched in front of a saloon. The sheriff is not pleased to see it.
20,A group of friends and family are standing around in a living room apparently having a get together or party. In the foreground there is a tiny little knee-high man dressed in a suit who has joined a conversation with 3 other normal-sized adults.
415,Batman is standing and waiting for the next train to arrive at the platform. He is angrily yelling at a guy who has been reading the newspaper.
436,Two people are inside of a fish bowl. They are working like they are in an office.
388,A bunch of surgeons are in an OR. They're getting ready for surgery when a man walks in carrying a golf bag.
121,A man is assembling or checking disguise glasses while wearing a pair himself (or he just looks like that). An inspector comes by to see how he's doing. He writes something down.
242,A businessman wearing a suit is carrying a surfboard at the beach. A lifeguard peers down at him and talks to him.
8,"A woman is talking on the phone. She is looking at a fish bowl, which has a tiny island with a tiny man in it."
167,The President and secret service are in the middle of a forest. The President is talking. The animals of the forest are listening.
427,There are a bunch of zombies. There is a baker with cookies offering them to the zombies. A woman with a gun points at the zombies.
310,A couple are sitting in a living room together.  Outside of their windows are several soldiers and a couple tanks.
371,A mouse faces a cat in front of a mouse hole on the floor.  The mouse is holding a revolver pointed at the cat
190,People are pushing statues of a bull and an ostrich with its head in the sand. Some men stare at them.
53,"A couple are laying in bed together reading a book and a newspaper. However, the other person seems to be an insect and not a human. The woman looks annoyed."
386,A doctor is speaking with a dog who is sitting opposite him on a bed.  The doctor apears to be reading a prognosis off a card in his hand
396,A man is looking out the window. There is a big statue right outside.
628,A giant fish is at a bar talking to a bartender. It looks angry. It ordered a bunch of alcohol.
34,A vampire is standing in the doorway of a woman's room. He is spreading his cape open facing the woman. The woman is laying in bed and looking over at the vampire in shock.
243,"There is a man sitting on the edge of his bed with a landline phone in hand which is fried both the headset, cord and body. The phone has burned a hole in the wall and is still smoking. The man is looking back at his wife and is talking."
101,Several men in uniform are standing on a ledge on a severl story building by a window.  A man is leaning out and talking to them
418,A couple is sitting on a couch that looks like a monster. They are watching TV and talking.
523,A man and a woman are sitting on a couch. They are surrounded by numerous monkeys.
534,Two men are carrying a huge snake. One man looks at them. This is at an office.
562,There is a fish swimming in the water. A pigeon is talking to it.
199,A judge is in a courtroom. Two policeman are holding a man before the judge.
144,"A man is sitting in a chair. Another man is laying on a futon, and is dressed as a firefighter. Many fish are flying around."
398,Two people are at the front door of a house. There is a giant chain wrapping around a house.
620,A group of angels are seen watching as another angel tries and hit earth while blindfolded. Earth is dangling from a string.
459,There is a board meeting in an office with four people in business attire. Three of the people are sitting in chairs which are on top of a conference table while the fourth sits in a chair which is on the floor. The man in the chair on the floor is looking up to the other three and is talking.
382,A man in his boxers is floating in the air above a scale. To his right is a doctor holding a clipboard looking up at him.
197,A jet plane has legs like a woman with high heels. The pilot is seen climbing aboard while a traffic controller waits for the signal.
393,"Two men are standing on clouds, one is dressed in a suit and the other a robe. They are both holding lightning bolts, but the man in the suit looks to be about to throw his and the man in the robe is angrily looking on while holding his by his waist."
691,Two people are inside a house. A woman stares out the window. There are a bunch of snowmen with hats and scarves staring at them.
466,There is a table with papers and cups on it. A bunch of people are laying under the table.
533,A couple is having a dinner in the middle of a subway station platform. A waiter waits for their order while everyone else ignores them.
630,A man and woman in swimsuits are under an umbrella. There is water all around them up to their arms.
756,"A man is sitting on a chair with a drawing pad in his hand. A gecko is on the sofa next to the man and starring at the man. Man looks occupied with the drawing board, and gecko is curious to see what is going on."
351,There is a train that is packed full of people. A person is trying to get on the packed train with his sheep.
602,There is a gingerbread man in bed at a hospital. He is huge. He is surrounded by a doctor along with bakers.
40,A woman is sitting in bed next to a snowman in a globe.  They are inside a house together.  The woman is mostly undressed
359,People are having a meeting with paper in front of them. One of the people has a light bulb for a head.
365,A group of gangsters is at a table. They are talking while a cop on a horse looks on. The horse is dressed up in a gangster uniform.
660,A king sits and talks to his doctor. The king seems pleased and the doctor speaks in a more serious tone.
356,A couple is talking. There is a leash attached to one dog coming from each person.
470,A wrecking ball goes through a house. Everyone inside is not disturbed by it.
29,"A man is sitting in a chair in front of two other men holding up a map of what is likely meant to be the United States. Based on the building in the window that appears to be the Washington Monument, this is likely inside the White House and the main in the chair is implied to be the President."
228,"A cowboy is in a wooden room. There is a baby and several animals present, and guns on the wall."
423,A man is sitting in a bathtub. There is a woman standing in front of him.
641,A shepherd is sitting inside a modern house with his sheep around him. He is talking on the phone.
23,"Two butterflies, standing on branches, are talking to each other. One of the butterflies has modern art on its wings."
701,A waitress is in a restaurant taking an order. A customer is perusing the menu.
362,Two men are in the desert in winter garb. They're attempting to ski on the sand.
399,Two cowboys are on chess pieces in the middle of a desert. The cheese pieces resemble the Knight piece which looks like a horse.
467,"In a tree, a mother bird is tending to her nest and babies. There is another bird in a cage on an upper branch."
357,A man is walking into a bedroom with a drink. There is a woman in the bed with a connect the dots man.
505,A man is in his house. He is angry at an alligator coming in through the pet door.
430,A woman is interviewing for a job. The one interviewing her is an angry bull.
661,"Famous fictional character Snow White is playing with the seven dwarfs out in a field. The dwarfs are all wearing roller skates while Snow White is just wearing shoes. Snow white is smiling, as are most of the dwarfs."
385,A cop stopped a man in a car. He is pointing to a sign with a math equation on it.
611,A rat and a pigeon are on a roof in a city. The rate has wings strapped to him.
574,Two people are standing in the backyard at the grill. There is a briefcase being cooked on the grill.
695,A toast is making a reservation at a fancy restaurant. The waiter is listening to what the toast is saying.
545,A bunch of executives are around a board room table. They're staring at a plant seated at the end.
497,A train is drinking a beer and sitting at a bar next to a man. The train is sad and crying. The seated man is glancing at the train.
696,A couple is at a table in a restaurant. There is a trough on the table and a farmer is pouring slop into it.
567,A man is confronting another man. But he is still in his bed.
616,There is a business office. A man is holding a puppet and talking to an employee.
598,Two men stand at the top of a mountain. The man on the right is sitting on a green yoga ball.
697,A man walks the plank off of a subway train. There are pirates right behind him and he is blindfolded. the ground is not that far away from the plank below.
636,A group of construction workers are sitting on a high beam pole while the grim reaper sits besides them. They are way up high to the point where buildings are below them.
233,An executive is looking at a profit chart. Some farmers are coming into the room with a donkey.
709,A woman is waiting to get on the elevator. But the people in the elevator are on fire.
717,A couple is sitting on their couch. A giraffe is peeking up from a hole in the floor.
754,There are two firefighters ready to slide down two poles at the firehouse.
629,A woman is climbing a rock climbing wall. She sees a face on the wall.
558,A man is sitting in a playpen. He's holding some kind of communicator.
35,A man is standing in a living room looking just slightly surprised at a woman on a couch being suffocated by a snake. The snake is wound up very tightly around her.
561,Two dogs combine their cone collar together. It makes it look like their heads are attached.
685,Two backpackers are startled by a large honey bottle shaped like a bear. The bear looks angry like it caught then doing something.
91,A motorcycle riding police officer is writing a ticket to give to a caveman. The caveman is angry and standing on the road next to a wheel made out of stone.
150,A man and a woman are standing inside a wrecked house. The man is about to shoot himself with a gun.
721,Two people are playing in a sandbox. They've built a giant tower.
757,"A couple is having a picnic in a park, along with others. Some threatening storm clouds are approaching."
180,Two men are sitting in a life raft talking. There is a skeleton dressed as a Mexican waitress with them.
748,Two chefs are inside a giant creature. They can see the ribs lining the walls and ceiling.
194,"A man, dying of thirst, is approached by another man carrying a suitcase and wearing a suit. The suit man is perfectly fine but the other man is surprised to see him."
700,A centaur is inside a store. He is purchasing some things from a clerk.
215,Two giant boxers are in a ring. A ref is between them.
349,A man is shaking violently. A waitress pours him another cup of coffee. A man eating a sandwich stares at them at the diner.
730,Two scientists are conferring in a lab. One scientist has a mouse head.
361,"A lady is laying in a hospital bed. There are several people surrounding her, and one is handing her a tiny car."
6,A man and a woman are talking on the street. The man is shaped like the number 6
564,A woman is talking to a man sitting at a desk inside an office. A bunch of owls are perched on the desk.
139,Two lions are talking in a field. There is a bunch of doctor's instruments strewn on the ground.
521,A couple is walking in the rain. The man is carrying a huge umbrella that dwarfs both of them.
176,A judge is looking over a courtroom. All the furniture and other debris are strewn about.
441,Two fish are speaking with one another underwater. One of the fish is just bones.
19,"A dog and a woman are sitting next to each other on a couch, facing another man with a newspaper open in front of him.  The dog appears to have a book open in front of him."
416,A man is sitting on a couch talking to someone who has the appearance of a doctor or a psychologist. Next to the man on the couch is a small creature with wings that looks like cupid. Cupid is very angry and has his arms crossed. The man has been shot with about a dozen arrows to the chest. He is gesturing to the doctor in an effort to explain something.
514,Some cowboys are riding through the desert. They are all on rocking horses.
70,"Two people are sitting in chairs in a room facing a television. One of the people is an older ""grandma"" aged woman. The other person has lots of hair growing all around their face/head and on their hands/arms. You can't see the person's face. The woman appears to be gesturing to something happening on the TV."
750,A bunch of sheep are gathered in front of some sheep dogs. The sheep dogs are talking to each other. The dogs are huge.
161,A man is giving a job interview in his office. The prospetive employee is a giant lobster.
681,"A couple is walking down the street. The woman looks upset, and the man has colored claws."
550,A man is talking to another man in an office. There are many chairs in a line in front of him.
613,"A policeman is interrogating a suspect at the station. Another cop is standing to the side in clown makeup, with a balloon animal."
537,Two women are sitting in a living room chatting and drinking from cups. A man in the other room considers a giant donut.
229,A man is speaking to the Supreme Court. But their booths are all bed.
315,There is a green giant rampaging through the city. A man and woman observe him from a nearby building.
201,A man has his office set up on the roof of a building. He is talking on a phone.
451,Three pigs are in front of a trough. One pig is about to eat from it.
122,Two men are in a courtroom. A judge is addressing a bailiff.
314,There is a bar or restaurant and several people are sitting at the counter. There are 2 people that seem like regular humans and then there are 4 superheros or villains.
517,A lawyer is with his client in a courtroom. They're having a conversation.
131,"A man and woman are staring out their window. It is raining safe,s which are crushing things."
370,A group of people are crowded around in a living room talking to one another. A man in the foreground introduces two individuals one appears to be a regular human male the other appears to be an animal.
114,A woman is standing on the beach. In front of her are two lifeguard chairs.
177,Three men have another man tied up in a room. His feet are in buckets.
536,A psychiastrist is in her office. She's talking to a car that is on her couch.
557,Adam and Eve are in the garden of Eden. Eve is offering Adam a pie. The serpent is in a nearby tree.
210,"A hammock is set up between two pillars. A man is relaxing on it, while a man in a suit waits nearby."
444,"A man and his boy are sitting in a boat on a lake. They're fishing, and the boy has caught a businessman."
438,A man is sitting on his couch watching TV. A cat is looking in the window.
524,A knight is in the countryside. He is dueling with a dragon.
360,A doctor is walking down a crowded street. He's listening to the heart of a man beside him with a stethoscope.
374,A number people are eating dinner at a hall. There is a man on stage on a podium talking about a man in a casket next to him.
118,Two angels are sitting on rocks on top of a cloud. One of them looks worried.
332,A man is sitting on the beach watching another man struggle in the water. He is being lifted by a giant tentacle.
405,There is a gigantic roasted chicken on a deli counter. A woman stares at it.
33,A man and woman are in a bedroom together and they have a few suitcases lying around. One suitcase on the bed is wide open and it is full of water and fish.
10,A clown is sitting at a table outside a restaurant. A woman looks to be paying his bill.
136,A man is sitting at a table with his hand on a phone. There is a vulture perched in front of him.
498,Two men are startled in the office. A hand with a sword is bursting through the desk.
573,"A man is laying in a hospital bed, with a beverage strapped to his head, with IVs running into his arms. A woman sits in a chair and glares at him."
367,A woman and a man are observing a corpse in a casket. There is an IV stand nearby.
44,"There is a town that looks like a war zone. Buildings are destroyed, a tank is rolling by, and helicopters are in the distance. Two soldiers are hiding by a wall and trying to stay safe. With the soldiers is one mime also hiding out."
607,Death is laying in a coffin in a funeral home. Two people look on and are commenting on the situation.
746,A man is standing atop a pile of rocks. A woman is on the ground looking up at him.
391,A woman is reading a book in the living room. Her dog is looking at a naked man climbing in through the window.
54,"Two men with tattered clothing are stranded on the desert next to a skull. One of the men is happy and is staring at his watch, while the other man is distraught."
5,A man is carrying a surfboard through the room. A woman at a desk stares at him.
110,A woman is pushing what appears to be a crash test dummy in a wheelchair down a hospital corridor.  A pair of elderly gentlemen are walking past them heading in the other direction.
266,Several people are ice skating on a rink. At the middle of the rink is a lifeguard tower with a lifeguard sitting up top and observing the skaters.
93,Some grim reapers are having a meeting. One man in a suit is talking to them.
345,There is a man at a desk writing something down. Another man is laying behind him in a coffin.
411,A man is standing in a huge office. Another man talks down at him from a desk on a dais.
462,Some cavemen are standing around in a cave. There is a caveman sitting on a rock with a club.
75,An office meeting is being held in a room in a high rise. The leader is giving a speech on a microphone but the desk he and his colleagues are using is the top of a grand piano.
610,A woman and a chef are in a prison. They're speaking on the phone through a barrier.
175,"One guy is introducing a dressed up man to the other man. The dressed up man has scuba gear, camping gear, sword, camera etc on him."
637,"A man is raking leaves in his yard. His yard is roped off, and another man stands on the other side."
103,"A bird wearing a speedo is balancing on a tree limb with wings outstretched.  A couple are standing below the bird looking at it, with an outstretched book in the man's hands"
706,Two explorers are hiking through nature. They come across two subway cars in the brush.
390,A couple is eating at a restaurant. The waiter is playing a giant tuba.
464,"There are three magicians in a room. One is holding a hat with rabbit, other is trying to cut through a box with girl in it and third one is holding cards in his hand. All of them are looking towards the door with surprise look where a man and a woman is standing. Woman is in shock and man appears to be explaining what is going on."
42,A person is sitting at a desk holding a phone to their ear.  The person appears to be sitting on some strange metal desk chair
341,Some ducks are flying over a farm. There is a turtle flying with them.
4,Two monsters are rampaging through a city. They're eating the buildings.
105,A couple are relaxing beside their pool while their pool water goes wild. The water forms a large wave like a tsunami crashing into them.
609,A man and a woman are on the subway. They're looking at a big sandwich on the track.
551,People are in a boat paddling. A huge wave with a scary face and arms tries to get them. The Statue of Liberty is in the background.
586,Two people are walking a dog outside. A giant vaccum cleaner is in the air in front of them.
363,Two men are standing in front of a clerk at a desk. They're holding signs that say in and out.
663,Two people are opening a pizza box. Inside are a tiny couple sitting at a table.
414,People are at an electronics store. The man is carrying a huge TV controller. He is showing it to some customers.
646,"Two hikers are high up on a mountain. It is one man and one woman and they are having a conversation. A yeti, or bigfoot, is behind them making his way slowly up the mountain but they don't seem to notice it."
729,"In a throne room, two kings are in a hammock. A woman waits in another room."
212,A man is in a psychiatrist's office speaking to him. he is riding on a coin-op rocket ride.
409,"Some mobsters are on a dock. They have pushed a man with cement shoes over the edge, but he is escaping."
37,Three members of congress are sitting in a courtroom together and one of them seems to be speaking into his microphone. Down below them is a desk and seat. In the seat is just an empty suit and shoes with no person inside.
431,A man is wearing a camera to their head. People are with him and are casually ignoring it.
493,Some skydivers are parachuting out of a plane. There are two groups of them.
316,Two men are riding their bicycles in the clouds. They seem to be angels with halos.
50,A woman is sitting in a chair and reading a newspaper while looking up at a man. The man is wearing a suit and holding a briefcase. He seems to be wrapped up in what looks like a layer of tree bark.
419,"A patient is sitting in an examination room. The doctor is entering, carrying a needle."
379,Two people are sitting in a living room inside a nest. They're up in a tree.
456,A man is sleeping in bed with a woman but he still is in a suit and tie. Along with that is a podium that is on top of the man.
504,A woman is entering a room. She is carrying a suitcase and a man.
162,Two men are talking. One man has a leash with a dog attached. The other one has a leash with no dog.
270,A man in a suit is parachuting from the sky. As he is parachuting he seems to be on the phone and has a laptop on his lap. He also has a briefcase that has opened up and papers are flying everywhere.
329,Two people are looking at a dinosaur skeleton in a museum. The skeleton has a top hat and cane.
311,There is a hippo in the middle of a living room. An angry woman is on the sofa and a man is in the chair.
43,A lawyer is standing in front of the judge in court. He is presenting a clown and a dog.
634,"A man is giving a hot dog to a woman outside a pyramid. On top, there is a vendor."
26,Some musicians are on stage. A monster truck has busted in and flattened their chairs.
133,Cave people are having a get together in a cave. A group of them is looking at drawings on the wall. One couple looks to have just arrived and is talking to someone with a spear in their body. The artwork features a figure with a that is running with a spear through their body.
553,A man and woman are sitting on what looks to be stones in a city that appears to be destroyed. There is smoke and damaged building in the background. Both are looking at each other with confused look on their face.
684,Aliens are having a meeting inside a room with a man as a host. The aliens look to be from different homes and planets.
731,A therapist sits in a chair in their office. They are holding a pen and notepad and are looking at a woman who is in the middle of digging a hole in the floor.
664,"A lawyer, a judge, and a witness are in a courtroom. The judge is saying something to the witness."
222,A man is sitting in a living room on a couch reading a book. Next to him in an armchair is a woman who is a mermaid. She is looking concerned and he is glancing at her as if he'd like to hide.
677,A man is sleepwalking in a kitchen. His cat is watching him from the counter.
271,A man is standing on a hill. A cloud with Groucho glasses and a hand reaching out of it is handing him a tablet.
672,"A man is sitting in an office on his computer. He's speaking with a rat man, who is at his computer."
239,"A lawyer is in court, and holding a pair of shorts in front of the judge and witness. The witness is in a pool."
52,A pair of men on a rowboat are rowing through a bay.  An upside-down sperm whale is breaching the surface of the water in front of them
403,An elephant is pointing his cane at a little elephant in a living room. The little one is on a laptop.
617,A bunch of naked people are standing around looking at a TV. A devil is hanging out in the background.
439,Two trains are at a bar. They look sad and are drinking. A bartender is on the phone.
39,A bunch of people are seated on a plane. One of the passengers appears to be shirtless or nude.
84,A doctor is washing his hands for surgery. There is a man halfway through the door with his torso stuck.
496,"A man is spraying a toaster with a hose in a driveway, with a wash bucket nearby. His neighbor is getting his attention from the other side of the fence."
119,Two women are observing a large cradle in a bedroom. There is a man in a suit in it sleeping and sucking his thumb.
21,"Some women are coming into the house. A hunter is in the chair watching a moose on TV, and pointing his gun at it."
66,A man and woman are sitting down in a living room. They are reading off of tablet.s
758,"A woman is looking out her front door. There are lots of people on a sidewalk, and there's a man behind a desk in front of her house."
132,There is a Viking at a table with a sword. He is trying to cut some bread. A woman is in the back in a kitchen.
196,"Two scientists are in a lab. They are observing some mice in a tank, and all of them are wearing lab coats and carrying clipboards as well."
543,A man and a woman are facing each other in a chair. An elephant is in the room next to them.
568,"A woman is at a party holding a drink. She is addressing two other people, who are tied up and standing in buckets."
458,A man is in an office behind a desk. He is addressing the Sphinx.
9,Two men are talking at a bar. They are wearing suits and each have a drink.
724,There is an author signing at a bookstore. There is also a line of people with a big lizard in front.
751,Four people and a dog are standing or walking inside bubbles on a sidewalk in a city next to an empty road. They all look very happy and content.
544,Two men are talking. Both have desks on their heads with tiny men working on computers.
309,Some people are on a roller coaster ride. Some of them are screaming.
448,"A person is sitting at the desk in an office. They are on the phone and looking out the window, observing the stairway to heaven."
632,"There is a woman wearing a badge, with her arms at her side, and an irritated expression, staring down at a seated scraggly-groomed man wearing a shirt and tie as well as the same badge. The man appears to be talking. On a table beside him is a microphone. In a large window behind him is a serious of decreasingly smaller dolls, in what's implied to be a criminal identification setup."
408,Superman is in the doctor's office. The doctor is listening to his heartbeat with a stethoscope.
147,A killer whale is inside a courtroom. It looks to be the defendant.
428,A women and an empty suit that is propped up to look like someone is wearing it are sitting on a couch. Another man is slouching in an arm chair beside a coffee table that has pictures and a lamp sitting on top. The man and the women don't look happy. There is a scared looking dog hiding beside the chair and beer cans next to the man.
600,There is a dog on a spaceship. He is surrounded by aliens. The aliens are staring at him.
1,"Two scientists are talking in a lab, with a cage full of mice off to the left. One of the scientists is dressed like a rat."
149,A woman in a bathrobe is standing at her front door. There is a man with a deployed parachute talking to her.
99,"A cowboy is on a table in a doctor's office. He has been shot by arrows, and the doctor is speaking to him."
248,A couple is laying in bed together. The bed is shaped like a race car.
74,"Two surprised men in suits open a door into a room that has nothing but sand in it. There is a hand sticking out of the sand, showing that the person is drowning."
368,Two people are riding motorcycles down the road. One of the riders is naked.
690,An usher is opening the elevator door. An astronaut is about to get off.
187,The angel of death is descending from heaven. He is coming across a crook with a stolen bag of money.
397,People are playing a baseball game. The grim reaper is playing catch. Two men stare at him.
468,A man is flying a taxi through space. he has an alien passenger.
649,Two women are sitting in a living room talking. There are train tracks going through the room and into the next one.
45,"A man and woman are walking together down a hallway, possibly inside of a school. All around them there are children walking on the walls and on the ceilings."
579,A man and a woman are sitting in their living room. A cat is lounging between them on his own chair.
38,There are people in a living room watching a dog. A man is playing a guitar.
471,People are ice fishing. A bunch of sharks are in the ice holes around them.
699,A psychiatrist is in her office. Three people are on stacked couches beside her.
107,A man is sitting at a table and looking over at a dog. On the other side of the room a woman seems to be teaching math to a cat. The cat is sitting on a stool and paying attention.
163,"A woman is sitting at a table in a restaurant. She is reading a menu. There is a podium in front of her, with the waiter speaking into a mic."
317,A man is sitting in an easy chair. Behind him is a black bed.
420,A man and a woman are playing ping pong. A panel of judges looks on.
435,Some people are standing on the street. The man's car is upside down and missing the top.
87,A man is in the forest. He has just finished cutting down a tree. The inside is hollow and there is another man inside of it.
56,There are several doctors wearing gowns and masks in an operating room. There is a large missile or bomb on the table. The doctors are operating on the bomb.
710,Two explorers are observing a tree. A bird is sitting in a nest playing music.
576,"A woman is standing in front of a tree. There is a beehive attached to it, with a man's face coming out of it."
260,"Three people are standing in line at the bank. The bank teller is a traditional pirate with a hook hand, eye patch, and a parrot."
643,A man is in a concert hall. He is trying to play the piano.
387,A man wearing suit is sitting at the bar with a paper bag on his face with two holes for his eyes. He is starring at a woman sitting next to him who looks to be smiling and having good time.
460,Four birds are in an office. They're perched around a table.
676,There is a caveman cooking a giant leg on a grill. His family watches him from their cave.
548,"There is a rocket on the ground, still smoking. A policeman is there and is writing the driver a ticket."
116,Two aliens are talking in a hallway. One of them is holding up a picture of another alien on an island.
69,A caveman is sitting in his cave. A woman has bags packed and is leaving.
94,The image is showing what appears to be heaven and the gates leading into heaven. Two angels are off to the side standing together and they are looking at a third angel. That third angel is flying through the gates while carrying a barbecue and golf clubs.
669,A baby in a suit is giving a speech in his crib as his parents look on. the mother looks happy and the father doesn't have an expression on his face.
76,"Two Indians are crouched down beside some rocks and one has a bow and arrow aimed at an army base. In the distance the army base has tall wooden walls and is flying a flag, probably the USA flag."
238,Three cavemen are sitting in a cave around a fire. One of them is juggling torches.
761,Death is giving some food to a man. He is saying something to a woman off to the side.
453,A matador and a bull are in an arena. They are dancing together.
640,There is a mouse riding on a cat with sunglasses. Two other mice are nearby.
578,"A couple is eating dinner at a restaurant. A waiter runs in with a pizza, being chased by press."
575,Two soldiers are on horseback in a field. A bunch of businessmen are trailing along behind them.
694,A man is shoveling snow. The woman behind him is playing the guitar. The man looks annoyed.
633,"Some people are at a playground. The adults are going down the slides, and one of them is talking to a child."
682,Two leaves are on a branch. One has broken free while the other is still fastened tight.
590,A giant lizard is drawing on a cave wall. Two cavemen are spying on him.
615,Two men are fishing. One man caught a chandelier.
18,A man is in his office. All the furniture and the man himself are floating in the air.
747,"Two women are sitting outside talking. There is a man waving to them from a fence, suspended upside down in the air."
95,There are three man in the room of an office building. One man is carefully trying to place files inside a filing cabinet. There is a tiger on a leash sitting on top of the filing cabinet.
662,There is a wedding taking place. There are three bridesmaids and two grooms. The couple is dressed like Vikings.
666,A psychiatrist is talking to a patient. He is laying on a red couch in the office.
342,A pig is standing in front of a sitting woman at the complaint department window and he looks upset.
713,"A man and a clown are standing in front of a car. They have the hood open, and there are more clowns inside the car."
671,Two woolly mammoths are talking in a cave. One of them has cavemen on top in a battle.
510,A man is relaxing on a city street. Others are going about their business and stepping on him as they pass.
604,A caveman is drawing a picture of an elephant on his cave wall. The elephant is standing by as a model.
63,Two women are sitting on a couch having tea looking unamused at a naked man in the middle of the room. The naked man is posing like a statue or is in a bowling stance since he has a ball in his hand.
652,Two men are stuck on a tiny island. They're observing another island a short distance away.
200,A humanistic looking animal is at a reception desk. The door beyond is open with God sitting down and waiting for the next person to come in.
603,An explorer gets to the top of a cliff and finds a wise man. There are people sitting at tables in the background.
126,A woman is standing inside a house. A man is peeking in from outside the window.
123,there are cows waiting in a waiting room with their legs crossed. Another cow is acting as a receptionist for the room.
520,A psychiatrist is her office. There is a banana on her couch.
202,"One a beach, a woman is sunbathing. There is a large box in front of her with a man inside."
195,A woman is standing in front of an open door in her bathrobe. A man is being escorted in by tiny angels. His hands seem to be emitting flames.
744,Two dogs are barking at one another. Both are wearing cones that stop them from scratching.
455,A woman is laying on a sofa while a man dressed up with tie is standing next to the window and a piston in his hand. There is a big hole in the window and three projectiles are coming in at fast speed.
73,A man is sitting at an office desk with a phone pressed up against his ear.  Another person is curled up under the man's office chair with his hands in a protective posture around himself
452,A man is interviewing a woman for a job in an office. Another man waits in a chair nearby.
68,"A car manufacturing factory is operating. As cars are moving down the line, a giant nozzle from the ceiling is spraying each car with a giant glob of cream on top."
64,There is a boxer in the corner of the ring. The referee is standing in front of him and another man with a foam finger is there too.
389,A man is eating dinner. The fish on the plate is talking to him. He stares at it.
366,Some men are in a barber shop. There is a large hole in the ceiling and a spring where the barber's chair should be.
216,A man is in bed. A fairy woman comes by with a toilet plunger and a bottle.
77,A man and boy are looking at a very tall woman outside their window. The man is excited.
323,There is a peacock showing his plumage. Other peacocks are looking on.
174,There is a man sitting in a tree. A bird is next to him with a worm in its mouth.
98,A man is in his office looking through a telescope. Another man has entered through the door beside him.
424,A man and woman are in the desert. They're doing their laundry as the sun beats down on them.
506,A knight and an executioner are standing by a guillotine. There is a man waiting to be beheaded.
204,"Some executives are around a table, with a giant mouse. A huge piece of cheese is in the center."
410,A beaver chews on a tree down to it having no middle but it still doesn't fall. Another beaver ignores what is happening.
752,Two people are walking down a path. A number of giant books have surrounded them.
188,A man is giving a piano concert and is sitting at the keys of an open piano. Inside the open piano is water and lots of dead fish floating on top of the water.
154,Four people dressed in business suits stand at the end of a conference table holding sticks with marshmallows on the ends. There is a fire engulfing the end of the table and the people are roasting their marshmallows over the fire.
429,A man is in bed. He is on the phone. A tiny man is playing the piano on the floor.
502,Two people are looking in on a cemetery. There is a grave that has the likeness of a man's head in the distance.
328,Two headless insects are walking down the street. They're passing a Cucina.
433,"A man in a woman are sitting in a chair upside down, hanging from the ceiling. There is a messy room below them."
135,"A man and a woman are greeting their neighbors and letting them in. The neighbors are carrying a huge, lit bomb into the house."
134,Two people are in bed. They are both wearing hazmat suits and one is waking up the other.
14,Several people in suits are walking down a side walk in front of some shops.  One of them appears to be a wolf man.
169,"A business man is walking down the street. Next to him is another man, also with a briefcase."
621,A knight is standing in front of some mirrors. A man in a suit stands  behind him.
262,A man is sitting at a desk in an office. A secretary is showing in a unicorn.
655,A man is debating with Earth on a stage. They each have a podium.
